{"cameraMode":{"drawMode":0,"name":"Shaded","section":"Shading Mode"},"sceneLighting":true,"audioPlay":false,"sceneViewState":{"m_AlwaysRefresh":false,"showFog":true,"showSkybox":true,"showFlares":true,"showImageEffects":true,"showParticleSystems":true,"showVisualEffectGraphs":true,"m_FxEnabled":true},"in2DMode":false,"pivot":{"x":-41.639137268066409,"y":8.579263687133789,"z":-44.347347259521487},"rotation":{"x":0.14874599874019624,"y":-0.17843563854694367,"z":0.02729717642068863,"w":0.9722766280174255},"size":16.196727752685548,"orthographic":false}