{"cameraMode":{"drawMode":0,"name":"Shaded","section":"Shading Mode"},"sceneLighting":true,"audioPlay":false,"sceneViewState":{"m_AlwaysRefresh":false,"showFog":true,"showSkybox":true,"showFlares":true,"showImageEffects":true,"showParticleSystems":true,"showVisualEffectGraphs":true,"m_FxEnabled":true},"in2DMode":false,"pivot":{"x":7.667205810546875,"y":-0.586054801940918,"z":21.828575134277345},"rotation":{"x":0.12000051140785217,"y":-0.019350701943039895,"z":0.0024369664024561645,"w":0.9926312565803528},"size":34.11053466796875,"orthographic":false}