{"cameraMode":{"drawMode":0,"name":"Shaded","section":"Shading Mode"},"sceneLighting":false,"audioPlay":false,"sceneViewState":{"m_AlwaysRefresh":false,"showFog":true,"showSkybox":false,"showFlares":true,"showImageEffects":true,"showParticleSystems":true,"showVisualEffectGraphs":true,"m_FxEnabled":true},"in2DMode":false,"pivot":{"x":-0.0000017285346984863282,"y":1.3411638736724854,"z":0.04456138610839844},"rotation":{"x":0.10203536599874497,"y":-0.04325483366847038,"z":0.004535984713584185,"w":0.9938793182373047},"size":2.72945499420166,"orthographic":false}