{"cameraMode":{"drawMode":0,"name":"Shaded","section":"Shading Mode"},"sceneLighting":false,"audioPlay":false,"sceneViewState":{"m_AlwaysRefresh":false,"showFog":true,"showSkybox":false,"showFlares":true,"showImageEffects":true,"showParticleSystems":true,"showVisualEffectGraphs":true,"m_FxEnabled":true},"in2DMode":false,"pivot":{"x":-0.09054456651210785,"y":0.5815709829330444,"z":0.04358935356140137},"rotation":{"x":0.10203536599874497,"y":-0.04325483366847038,"z":0.004535984713584185,"w":0.9938793182373047},"size":1.5587079524993897,"orthographic":false}