{"cameraMode":{"drawMode":0,"name":"Shaded","section":"Shading Mode"},"sceneLighting":false,"audioPlay":false,"sceneViewState":{"m_AlwaysRefresh":false,"showFog":true,"showSkybox":false,"showFlares":true,"showImageEffects":true,"showParticleSystems":true,"showVisualEffectGraphs":true,"m_FxEnabled":true},"in2DMode":false,"pivot":{"x":0.00021645426750183105,"y":0.857194721698761,"z":-0.004843950271606445},"rotation":{"x":0.04836341366171837,"y":-0.9499759674072266,"z":0.18795739114284516,"w":0.24490757286548615},"size":1.636789321899414,"orthographic":false}